Metric,Value
Accuracy,0.5682730923694779
Precision,0.32293430751116914
Recall,0.5682730923694779
F1 Score,0.4118342769284564
