Metric,Value
Accuracy,0.9878296146044625
Precision,0.987603305785124
Recall,0.987603305785124
F1 Score,0.987603305785124
