Metric,Value
RMSE,8.50570011138916
MAE,5.566183567047119
R²,0.9956769869067821
MAPE,3.4581974148750305
